text,output,timestamp
i hate my life🙌🔥,"Original: i hate my life🙌🔥
Cleaned: i hate my life

Sentiment: Negative
Confidence: 0.8513",2025-12-01 22:11:18.643122
i hate my life🙌🔥,"Original: i hate my life🙌🔥
Cleaned: i hate my life

Sentiment: Negative
Confidence: 0.8513",2025-12-01 22:11:20.037651
Finally hit my fitness goals for the month. Proud of myself 🏋️💪,"Original: Finally hit my fitness goals for the month. Proud of myself 🏋️💪
Cleaned: Finally hit my fitness goals for the month. Proud of myself

Sentiment: Positive
Confidence: 0.9751",2025-12-01 22:19:16.270263
